{
  "learning_rate": 0.0012423218503596573,
  "weight_decay": 1.382839544057152e-06,
  "dropout": 0.10391990012348876,
  "fc1_dim": 79,
  "batch_size": 128,
  "test_loss": 0.6118676201363462
}